{
  "hash": "f36b5905",
  "configHash": "e9b9ae39",
  "lockfileHash": "e843155c",
  "browserHash": "79dd8b8b",
  "optimized": {
    "react": {
      "src": "../../node_modules/react/index.js",
      "file": "react.js",
      "fileHash": "277f0032",
      "needsInterop": true
    },
    "react-dom/client": {
      "src": "../../node_modules/react-dom/client.js",
      "file": "react-dom_client.js",
      "fileHash": "c7974c55",
      "needsInterop": true
    },
    "react-router-dom": {
      "src": "../../node_modules/react-router-dom/dist/index.js",
      "file": "react-router-dom.js",
      "fileHash": "1f9357aa",
      "needsInterop": false
    },
    "react-bootstrap/Container": {
      "src": "../../node_modules/react-bootstrap/esm/Container.js",
      "file": "react-bootstrap_Container.js",
      "fileHash": "62d28e4a",
      "needsInterop": false
    },
    "react-bootstrap/Nav": {
      "src": "../../node_modules/react-bootstrap/esm/Nav.js",
      "file": "react-bootstrap_Nav.js",
      "fileHash": "7c3216f0",
      "needsInterop": false
    },
    "react-bootstrap/Navbar": {
      "src": "../../node_modules/react-bootstrap/esm/Navbar.js",
      "file": "react-bootstrap_Navbar.js",
      "fileHash": "cbb5492c",
      "needsInterop": false
    },
    "mg-js": {
      "src": "../../node_modules/mg-js/esm/index.js",
      "file": "mg-js.js",
      "fileHash": "31038e73",
      "needsInterop": false
    },
    "axios": {
      "src": "../../node_modules/axios/index.js",
      "file": "axios.js",
      "fileHash": "68dfef07",
      "needsInterop": false
    },
    "prop-types": {
      "src": "../../node_modules/prop-types/index.js",
      "file": "prop-types.js",
      "fileHash": "dadecf06",
      "needsInterop": true
    }
  },
  "chunks": {
    "chunk-J2IKH2O7": {
      "file": "chunk-J2IKH2O7.js"
    },
    "chunk-V2X5ZORR": {
      "file": "chunk-V2X5ZORR.js"
    },
    "chunk-NY4AF3HS": {
      "file": "chunk-NY4AF3HS.js"
    },
    "chunk-B3C6GKUF": {
      "file": "chunk-B3C6GKUF.js"
    },
    "chunk-J3GJSMK3": {
      "file": "chunk-J3GJSMK3.js"
    },
    "chunk-32E4H3EV": {
      "file": "chunk-32E4H3EV.js"
    },
    "chunk-G3PMV62Z": {
      "file": "chunk-G3PMV62Z.js"
    }
  }
}